{
  "results": [],
  "timestamp": "2025-08-20T20:06:08.287873",
  "duration_minutes": 3.872827672958374,
  "total_configs_tested": 0
}